id,title,venue,year,methods,results,critique_flags,doi,url,citations,authors
http://arxiv.org/abs/2102.03717v1,"Assessing Fairness in Classification Parity of Machine Learning Models
  in Healthcare",arXiv,2021,,,No major issues,,http://arxiv.org/abs/2102.03717v1,,Ming Yuan; Vikas Kumar; Muhammad Aurangzeb Ahmad; Ankur Teredesai
http://arxiv.org/abs/2310.00727v1,Review of deep learning in healthcare,arXiv,2023,,,No major issues,,http://arxiv.org/abs/2310.00727v1,,Hasan Hejbari Zargar; Saha Hejbari Zargar; Raziye Mehri
http://arxiv.org/abs/2307.14067v1,"Machine Learning Applications In Healthcare: The State Of Knowledge and
  Future Directions",arXiv,2023,,,No major issues,,http://arxiv.org/abs/2307.14067v1,,Mrinmoy Roy; Sarwar J. Minar; Porarthi Dhar; A T M Omor Faruq
http://arxiv.org/abs/2401.07368v1,"A Novel Zero-Trust Machine Learning Green Architecture for Healthcare
  IoT Cybersecurity: Review, Analysis, and Implementation",arXiv,2024,,,No major issues,,http://arxiv.org/abs/2401.07368v1,,Zag ElSayed; Nelly Elsayed; Sajjad Bay
http://arxiv.org/abs/2206.14397v3,Fair Machine Learning in Healthcare: A Review,arXiv,2022,,,No major issues,,http://arxiv.org/abs/2206.14397v3,,Qizhang Feng; Mengnan Du; Na Zou; Xia Hu
http://arxiv.org/abs/2502.07026v2,"Machine Learning for Everyone: Simplifying Healthcare Analytics with
  BigQuery ML",arXiv,2025,,,No major issues,,http://arxiv.org/abs/2502.07026v2,,Mohammad Amir Salari; Bahareh Rahmani
10.1201/9781003473435-1,AI and Machine Learning in Modern Healthcare,Transforming Gender-Based Healthcare with AI and Machine Learning,2024,,,No major issues,10.1201/9781003473435-1,https://doi.org/10.1201/9781003473435-1,,Sharad Chauhan; Mrinal Paliwal; Nandita Manchanda; Meenu Gupta
http://arxiv.org/abs/2412.06818v1,A Study on Quantum Neural Networks in Healthcare 5.0,arXiv,2024,,,No major issues,,http://arxiv.org/abs/2412.06818v1,,Sanjay Chakraborty
